fromPersonId,toPersonId,emotionalValence,round
1,30,1,0
2,22,-1,0
3,23,-1,0
4,2,1,0
5,28,0,0
6,8,-1,0
7,21,0,0
8,25,1,0
9,14,1,0
10,26,0,0
11,17,-1,0
12,17,1,0
13,4,0,0
14,23,1,0
15,6,0,0
16,15,0,0
17,8,1,0
18,29,1,0
19,28,1,0
20,23,0,0
21,28,-1,0
22,18,1,0
23,14,0,0
24,28,1,0
25,5,0,0
26,3,-1,0
27,29,1,0
28,1,1,0
29,8,-1,0
30,26,0,0
1,15,1,1
2,9,1,1
3,23,-1,1
4,3,-1,1
5,16,1,1
6,5,-1,1
7,2,0,1
8,26,-1,1
9,30,1,1
10,18,0,1
11,10,0,1
12,14,0,1
13,3,0,1
14,21,-1,1
15,25,0,1
16,13,1,1
17,30,0,1
18,27,0,1
19,15,0,1
20,11,-1,1
21,23,1,1
22,30,0,1
23,6,-1,1
24,19,1,1
25,13,-1,1
26,16,-1,1
27,26,-1,1
28,20,-1,1
29,27,-1,1
30,25,0,1
1,5,-1,2
2,11,1,2
3,10,-1,2
4,27,1,2
5,29,-1,2
6,27,1,2
7,19,0,2
8,5,-1,2
9,20,0,2
10,9,0,2
11,9,-1,2
12,14,1,2
13,29,-1,2
14,2,1,2
15,14,-1,2
16,27,1,2
17,21,1,2
18,19,1,2
19,13,1,2
20,24,1,2
21,12,-1,2
22,24,-1,2
23,16,1,2
24,11,-1,2
25,9,-1,2
26,22,0,2
27,15,1,2
28,8,1,2
29,26,1,2
30,24,-1,2
1,2,0,3
2,19,1,3
3,21,0,3
4,10,-1,3
5,25,0,3
6,9,1,3
7,9,1,3
8,12,1,3
9,1,1,3
10,14,1,3
11,23,-1,3
12,22,0,3
13,16,0,3
14,5,1,3
15,6,0,3
16,10,0,3
17,10,0,3
18,12,-1,3
19,24,1,3
20,16,1,3
21,26,0,3
22,20,1,3
23,17,0,3
24,20,1,3
25,28,-1,3
26,18,1,3
27,15,1,3
28,3,1,3
29,22,-1,3
30,17,0,3
1,4,1,4
2,1,0,4
3,28,-1,4
4,14,1,4
5,11,-1,4
6,18,1,4
7,16,0,4
8,22,-1,4
9,16,1,4
10,16,0,4
11,27,0,4
12,4,-1,4
13,1,1,4
14,7,1,4
15,22,1,4
16,23,1,4
17,27,-1,4
18,20,0,4
19,2,1,4
20,5,1,4
21,5,-1,4
22,27,-1,4
23,24,-1,4
24,1,1,4
25,11,0,4
26,17,0,4
27,14,-1,4
28,1,1,4
29,9,-1,4
30,14,-1,4
1,6,0,5
2,28,-1,5
3,27,-1,5
4,30,0,5
5,1,-1,5
6,21,0,5
7,28,0,5
8,21,0,5
9,18,1,5
10,26,1,5
11,29,-1,5
12,1,0,5
13,2,-1,5
14,2,1,5
15,1,1,5
16,10,-1,5
17,4,0,5
18,9,0,5
19,17,1,5
20,6,-1,5
21,26,1,5
22,26,-1,5
23,25,1,5
24,16,-1,5
25,14,-1,5
26,14,-1,5
27,20,0,5
28,30,-1,5
29,2,0,5
30,8,0,5
1,15,0,6
2,30,0,6
3,6,1,6
4,15,-1,6
5,16,1,6
6,27,-1,6
7,6,0,6
8,7,-1,6
9,23,-1,6
10,7,-1,6
11,3,-1,6
12,5,0,6
13,19,-1,6
14,28,-1,6
15,16,-1,6
16,2,0,6
17,5,1,6
18,2,1,6
19,25,-1,6
20,23,-1,6
21,15,0,6
22,10,-1,6
23,11,0,6
24,3,1,6
25,21,-1,6
26,15,-1,6
27,29,1,6
28,15,1,6
29,10,0,6
30,17,0,6
1,7,-1,7
2,16,-1,7
3,10,-1,7
4,20,-1,7
5,6,0,7
6,13,1,7
7,19,1,7
8,7,-1,7
9,12,1,7
10,27,1,7
11,28,0,7
12,25,-1,7
13,15,0,7
14,22,-1,7
15,13,-1,7
16,30,0,7
17,25,0,7
18,13,1,7
19,1,-1,7
20,22,1,7
21,11,-1,7
22,8,1,7
23,6,-1,7
24,17,-1,7
25,27,0,7
26,3,-1,7
27,16,0,7
28,24,-1,7
29,21,1,7
30,28,0,7
1,8,0,8
2,22,-1,8
3,25,0,8
4,26,1,8
5,27,0,8
6,7,0,8
7,4,0,8
8,5,0,8
9,2,1,8
10,17,1,8
11,29,0,8
12,23,1,8
13,22,-1,8
14,23,1,8
15,1,1,8
16,23,1,8
17,13,-1,8
18,1,0,8
19,3,1,8
20,8,1,8
21,22,-1,8
22,23,1,8
23,16,1,8
24,5,0,8
25,13,-1,8
26,15,1,8
27,28,1,8
28,4,-1,8
29,25,1,8
30,29,1,8
1,3,-1,9
2,15,0,9
3,8,0,9
4,30,0,9
5,10,-1,9
6,30,0,9
7,5,-1,9
8,18,-1,9
9,5,1,9
10,5,0,9
11,24,-1,9
12,5,0,9
13,9,1,9
14,30,-1,9
15,5,0,9
16,10,0,9
17,10,1,9
18,3,-1,9
19,6,-1,9
20,6,-1,9
21,25,-1,9
22,5,-1,9
23,5,-1,9
24,20,1,9
25,19,-1,9
26,27,-1,9
27,22,0,9
28,10,0,9
29,7,0,9
30,9,-1,9
1,4,1,10
2,23,-1,10
3,25,1,10
4,14,1,10
5,19,-1,10
6,30,-1,10
7,16,1,10
8,22,1,10
9,2,0,10
10,8,0,10
11,28,0,10
12,28,1,10
13,6,1,10
14,12,-1,10
15,30,1,10
16,4,-1,10
17,30,-1,10
18,15,0,10
19,7,0,10
20,17,-1,10
21,26,1,10
22,23,1,10
23,15,1,10
24,8,-1,10
25,20,1,10
26,29,1,10
27,29,1,10
28,7,0,10
29,6,1,10
30,23,1,10
1,23,-1,11
2,29,1,11
3,24,-1,11
4,12,0,11
5,9,1,11
6,30,-1,11
7,20,0,11
8,21,1,11
9,13,0,11
10,18,0,11
11,25,0,11
12,4,0,11
13,3,0,11
14,4,1,11
15,7,1,11
16,26,-1,11
17,21,0,11
18,28,1,11
19,25,-1,11
20,10,1,11
21,16,0,11
22,28,-1,11
23,8,1,11
24,21,-1,11
25,30,0,11
26,28,-1,11
27,5,-1,11
28,1,1,11
29,27,1,11
30,15,0,11
1,15,1,12
2,6,1,12
3,14,0,12
4,23,1,12
5,7,1,12
6,2,1,12
7,15,1,12
8,3,-1,12
9,5,1,12
10,7,1,12
11,28,-1,12
12,10,1,12
13,5,0,12
14,8,-1,12
15,27,0,12
16,8,0,12
17,20,-1,12
18,23,-1,12
19,4,-1,12
20,14,1,12
21,27,0,12
22,11,0,12
23,15,1,12
24,30,0,12
25,22,-1,12
26,19,-1,12
27,25,-1,12
28,17,-1,12
29,18,1,12
30,6,-1,12
1,3,0,13
2,5,0,13
3,11,0,13
4,14,0,13
5,8,1,13
6,30,-1,13
7,26,-1,13
8,12,0,13
9,4,0,13
10,28,-1,13
11,25,-1,13
12,11,1,13
13,18,1,13
14,8,0,13
15,11,0,13
16,18,-1,13
17,25,0,13
18,14,0,13
19,10,-1,13
20,1,0,13
21,8,0,13
22,21,1,13
23,5,-1,13
24,12,-1,13
25,17,-1,13
26,25,-1,13
27,5,-1,13
28,5,-1,13
29,16,1,13
30,14,-1,13
1,30,-1,14
2,27,1,14
3,13,-1,14
4,27,1,14
5,26,1,14
6,1,1,14
7,28,1,14
8,28,0,14
9,22,1,14
10,6,0,14
11,9,0,14
12,3,0,14
13,18,0,14
14,2,-1,14
15,29,0,14
16,15,0,14
17,21,0,14
18,1,1,14
19,2,0,14
20,15,-1,14
21,27,1,14
22,2,-1,14
23,18,-1,14
24,16,-1,14
25,27,-1,14
26,14,-1,14
27,22,-1,14
28,13,1,14
29,10,0,14
30,10,1,14
1,4,1,15
2,6,1,15
3,27,1,15
4,5,1,15
5,20,0,15
6,2,1,15
7,25,1,15
8,22,0,15
9,28,-1,15
10,4,-1,15
11,5,-1,15
12,24,-1,15
13,19,0,15
14,4,1,15
15,5,0,15
16,2,-1,15
17,22,1,15
18,14,0,15
19,18,1,15
20,8,0,15
21,3,0,15
22,29,1,15
23,18,-1,15
24,3,0,15
25,6,0,15
26,13,-1,15
27,4,-1,15
28,18,-1,15
29,9,0,15
30,1,0,15
1,28,-1,16
2,22,-1,16
3,10,-1,16
4,17,-1,16
5,22,0,16
6,12,1,16
7,18,-1,16
8,17,0,16
9,14,1,16
10,18,1,16
11,25,0,16
12,27,1,16
13,6,0,16
14,4,1,16
15,1,1,16
16,25,-1,16
17,4,0,16
18,28,-1,16
19,7,1,16
20,18,0,16
21,19,1,16
22,11,1,16
23,11,1,16
24,30,1,16
25,20,1,16
26,25,0,16
27,29,0,16
28,3,-1,16
29,3,1,16
30,12,1,16
1,30,0,17
2,1,-1,17
3,18,1,17
4,3,-1,17
5,7,1,17
6,9,-1,17
7,29,1,17
8,10,1,17
9,22,0,17
10,19,0,17
11,4,0,17
12,17,1,17
13,14,1,17
14,17,1,17
15,30,-1,17
16,12,0,17
17,3,1,17
18,12,1,17
19,11,1,17
20,26,0,17
21,7,0,17
22,2,0,17
23,9,-1,17
24,17,-1,17
25,20,1,17
26,13,-1,17
27,6,0,17
28,13,1,17
29,14,-1,17
30,2,1,17
1,27,1,18
2,22,-1,18
3,6,1,18
4,18,-1,18
5,1,-1,18
6,22,0,18
7,26,-1,18
8,1,-1,18
9,12,1,18
10,20,1,18
11,26,1,18
12,1,1,18
13,4,1,18
14,17,-1,18
15,26,1,18
16,10,0,18
17,18,-1,18
18,5,0,18
19,1,-1,18
20,14,-1,18
21,13,0,18
22,20,1,18
23,24,0,18
24,8,-1,18
25,2,0,18
26,23,-1,18
27,7,-1,18
28,7,0,18
29,22,0,18
30,15,0,18
1,22,-1,19
2,7,0,19
3,19,1,19
4,22,-1,19
5,17,1,19
6,22,1,19
7,3,1,19
8,25,0,19
9,20,0,19
10,29,0,19
11,30,0,19
12,17,1,19
13,7,-1,19
14,2,0,19
15,3,0,19
16,27,-1,19
17,13,1,19
18,29,0,19
19,8,1,19
20,13,0,19
21,27,0,19
22,2,-1,19
23,21,1,19
24,23,1,19
25,28,0,19
26,27,1,19
27,28,1,19
28,1,1,19
29,21,-1,19
30,28,0,19
1,12,1,20
2,4,0,20
3,22,0,20
4,16,0,20
5,13,-1,20
6,26,1,20
7,13,0,20
8,7,-1,20
9,12,1,20
10,23,0,20
11,19,1,20
12,18,1,20
13,2,1,20
14,17,-1,20
15,28,1,20
16,8,1,20
17,16,-1,20
18,21,0,20
19,13,1,20
20,12,-1,20
21,27,0,20
22,12,1,20
23,26,-1,20
24,26,0,20
25,9,0,20
26,11,-1,20
27,8,1,20
28,19,1,20
29,17,0,20
30,1,0,20
1,19,1,21
2,21,0,21
3,7,0,21
4,7,1,21
5,7,-1,21
6,10,0,21
7,24,-1,21
8,30,1,21
9,7,1,21
10,24,1,21
11,16,0,21
12,22,-1,21
13,17,1,21
14,5,0,21
15,12,-1,21
16,2,-1,21
17,23,-1,21
18,14,0,21
19,15,-1,21
20,30,0,21
21,9,1,21
22,27,0,21
23,11,0,21
24,15,-1,21
25,29,0,21
26,3,-1,21
27,23,1,21
28,5,0,21
29,21,-1,21
30,23,1,21
1,3,1,22
2,27,1,22
3,13,-1,22
4,28,-1,22
5,26,0,22
6,2,1,22
7,11,1,22
8,4,-1,22
9,29,-1,22
10,2,0,22
11,15,-1,22
12,13,-1,22
13,19,0,22
14,10,1,22
15,9,-1,22
16,11,0,22
17,10,0,22
18,23,1,22
19,29,-1,22
20,21,1,22
21,12,-1,22
22,18,1,22
23,4,1,22
24,19,0,22
25,28,1,22
26,29,1,22
27,14,1,22
28,15,0,22
29,25,0,22
30,17,-1,22
1,24,0,23
2,30,1,23
3,29,1,23
4,18,0,23
5,14,-1,23
6,30,-1,23
7,26,-1,23
8,9,-1,23
9,6,-1,23
10,17,0,23
11,20,-1,23
12,15,-1,23
13,30,0,23
14,9,1,23
15,5,0,23
16,3,-1,23
17,16,-1,23
18,2,1,23
19,30,0,23
20,22,0,23
21,29,-1,23
22,15,0,23
23,3,1,23
24,25,-1,23
25,8,-1,23
26,3,0,23
27,29,-1,23
28,25,0,23
29,19,-1,23
30,20,1,23
1,4,1,24
2,25,1,24
3,14,0,24
4,23,0,24
5,4,0,24
6,4,-1,24
7,20,1,24
8,29,-1,24
9,29,-1,24
10,4,-1,24
11,18,-1,24
12,26,1,24
13,6,-1,24
14,7,0,24
15,22,0,24
16,26,0,24
17,13,1,24
18,23,1,24
19,18,1,24
20,18,0,24
21,22,1,24
22,29,1,24
23,1,-1,24
24,4,0,24
25,10,-1,24
26,28,-1,24
27,12,0,24
28,29,1,24
29,8,0,24
30,23,0,24
1,17,0,25
2,21,0,25
3,25,-1,25
4,13,1,25
5,14,-1,25
6,7,0,25
7,3,1,25
8,26,0,25
9,14,0,25
10,25,-1,25
11,9,1,25
12,11,1,25
13,25,-1,25
14,9,-1,25
15,23,1,25
16,3,-1,25
17,25,-1,25
18,14,1,25
19,6,-1,25
20,17,1,25
21,24,-1,25
22,2,1,25
23,1,-1,25
24,10,-1,25
25,17,-1,25
26,14,1,25
27,12,0,25
28,8,1,25
29,19,1,25
30,17,-1,25
1,2,1,26
2,11,0,26
3,9,-1,26
4,17,0,26
5,30,0,26
6,16,-1,26
7,25,1,26
8,1,-1,26
9,27,-1,26
10,20,1,26
11,25,0,26
12,6,0,26
13,8,0,26
14,23,1,26
15,20,-1,26
16,21,1,26
17,5,-1,26
18,12,1,26
19,28,1,26
20,10,1,26
21,24,1,26
22,30,0,26
23,13,0,26
24,3,0,26
25,18,-1,26
26,4,0,26
27,15,0,26
28,16,-1,26
29,27,0,26
30,13,-1,26
1,4,0,27
2,23,0,27
3,25,-1,27
4,9,1,27
5,14,1,27
6,19,-1,27
7,24,-1,27
8,10,0,27
9,17,-1,27
10,13,0,27
11,10,0,27
12,14,-1,27
13,15,1,27
14,25,-1,27
15,30,-1,27
16,2,1,27
17,29,1,27
18,3,1,27
19,14,-1,27
20,24,0,27
21,8,1,27
22,10,-1,27
23,27,-1,27
24,7,-1,27
25,18,1,27
26,1,-1,27
27,17,-1,27
28,23,1,27
29,8,0,27
30,10,1,27
1,18,1,28
2,19,1,28
3,8,0,28
4,5,1,28
5,15,0,28
6,19,-1,28
7,6,-1,28
8,14,0,28
9,6,-1,28
10,19,1,28
11,20,-1,28
12,15,-1,28
13,14,0,28
14,12,-1,28
15,8,1,28
16,28,0,28
17,4,0,28
18,15,0,28
19,24,0,28
20,7,0,28
21,23,1,28
22,30,-1,28
23,29,0,28
24,2,-1,28
25,18,0,28
26,2,1,28
27,19,1,28
28,11,1,28
29,11,0,28
30,1,0,28
1,12,0,29
2,14,1,29
3,23,1,29
4,9,0,29
5,10,1,29
6,17,0,29
7,20,1,29
8,29,-1,29
9,24,0,29
10,3,0,29
11,20,0,29
12,28,0,29
13,21,-1,29
14,8,0,29
15,18,1,29
16,14,-1,29
17,5,-1,29
18,11,1,29
19,6,-1,29
20,17,-1,29
21,24,1,29
22,19,0,29
23,14,0,29
24,1,0,29
25,15,1,29
26,25,-1,29
27,2,1,29
28,25,-1,29
29,14,-1,29
30,17,0,29
1,8,-1,30
2,30,0,30
3,19,0,30
4,28,-1,30
5,13,0,30
6,25,-1,30
7,22,1,30
8,13,-1,30
9,29,0,30
10,23,1,30
11,12,1,30
12,10,-1,30
13,17,1,30
14,23,1,30
15,19,0,30
16,26,-1,30
17,28,0,30
18,6,-1,30
19,28,1,30
20,24,-1,30
21,18,-1,30
22,16,1,30
23,2,-1,30
24,19,1,30
25,13,-1,30
26,3,1,30
27,24,1,30
28,1,1,30
29,28,1,30
30,8,1,30
1,12,-1,31
2,15,0,31
3,1,1,31
4,6,1,31
5,24,1,31
6,27,-1,31
7,13,-1,31
8,19,-1,31
9,14,0,31
10,22,1,31
11,28,-1,31
12,28,1,31
13,5,-1,31
14,2,-1,31
15,4,1,31
16,27,0,31
17,2,0,31
18,3,1,31
19,4,1,31
20,13,-1,31
21,23,1,31
22,16,1,31
23,20,-1,31
24,16,1,31
25,4,0,31
26,13,1,31
27,6,0,31
28,18,1,31
29,4,1,31
30,24,1,31
1,4,0,32
2,26,-1,32
3,6,1,32
4,27,0,32
5,26,0,32
6,2,1,32
7,5,0,32
8,19,1,32
9,29,-1,32
10,24,0,32
11,20,1,32
12,27,-1,32
13,22,-1,32
14,1,1,32
15,17,-1,32
16,14,-1,32
17,12,-1,32
18,27,0,32
19,27,1,32
20,29,-1,32
21,27,1,32
22,7,0,32
23,18,0,32
24,6,-1,32
25,13,0,32
26,7,-1,32
27,14,1,32
28,17,1,32
29,3,1,32
30,14,-1,32
1,19,1,33
2,21,0,33
3,20,0,33
4,6,-1,33
5,25,0,33
6,7,-1,33
7,19,1,33
8,30,1,33
9,22,-1,33
10,23,0,33
11,14,1,33
12,26,0,33
13,7,-1,33
14,19,1,33
15,7,-1,33
16,8,0,33
17,4,0,33
18,17,0,33
19,2,1,33
20,29,0,33
21,8,-1,33
22,17,0,33
23,4,1,33
24,30,0,33
25,8,-1,33
26,11,-1,33
27,5,1,33
28,16,1,33
29,4,0,33
30,28,1,33
1,6,0,34
2,4,1,34
3,13,-1,34
4,7,-1,34
5,14,1,34
6,8,-1,34
7,16,0,34
8,9,0,34
9,11,1,34
10,27,0,34
11,18,0,34
12,8,0,34
13,29,0,34
14,17,0,34
15,4,1,34
16,8,0,34
17,3,-1,34
18,13,-1,34
19,12,0,34
20,16,-1,34
21,12,0,34
22,25,-1,34
23,18,1,34
24,6,1,34
25,19,1,34
26,27,1,34
27,1,1,34
28,7,1,34
29,28,-1,34
30,22,-1,34
1,5,-1,35
2,23,0,35
3,24,1,35
4,17,0,35
5,21,-1,35
6,5,1,35
7,11,-1,35
8,21,-1,35
9,7,1,35
10,13,-1,35
11,16,-1,35
12,16,-1,35
13,21,0,35
14,3,1,35
15,29,-1,35
16,22,-1,35
17,22,1,35
18,6,0,35
19,11,1,35
20,4,1,35
21,7,1,35
22,4,1,35
23,15,1,35
24,20,0,35
25,26,1,35
26,17,1,35
27,17,-1,35
28,15,0,35
29,21,0,35
30,17,0,35
1,14,1,36
2,1,-1,36
3,24,-1,36
4,25,0,36
5,22,1,36
6,18,0,36
7,11,0,36
8,3,0,36
9,18,1,36
10,22,0,36
11,23,0,36
12,11,1,36
13,18,1,36
14,26,-1,36
15,24,0,36
16,30,1,36
17,10,1,36
18,27,-1,36
19,14,1,36
20,11,1,36
21,29,-1,36
22,7,1,36
23,30,0,36
24,16,-1,36
25,20,1,36
26,16,-1,36
27,1,-1,36
28,27,1,36
29,22,0,36
30,13,-1,36
1,20,-1,37
2,25,-1,37
3,5,-1,37
4,25,1,37
5,7,1,37
6,26,0,37
7,24,-1,37
8,3,0,37
9,30,0,37
10,21,0,37
11,23,-1,37
12,8,0,37
13,6,-1,37
14,10,1,37
15,30,-1,37
16,2,1,37
17,23,0,37
18,14,1,37
19,10,1,37
20,8,0,37
21,15,0,37
22,30,0,37
23,4,0,37
24,19,0,37
25,29,-1,37
26,28,0,37
27,25,0,37
28,24,1,37
29,17,0,37
30,7,1,37
1,27,-1,38
2,7,-1,38
3,22,1,38
4,23,0,38
5,12,0,38
6,19,-1,38
7,6,-1,38
8,15,-1,38
9,1,1,38
10,13,-1,38
11,15,-1,38
12,21,1,38
13,6,-1,38
14,4,1,38
15,22,-1,38
16,30,1,38
17,1,0,38
18,5,0,38
19,24,0,38
20,21,1,38
21,10,0,38
22,28,-1,38
23,13,1,38
24,10,0,38
25,24,1,38
26,2,0,38
27,14,0,38
28,21,-1,38
29,5,0,38
30,25,-1,38
1,21,-1,39
2,28,-1,39
3,12,-1,39
4,9,-1,39
5,4,0,39
6,17,-1,39
7,15,-1,39
8,13,-1,39
9,3,-1,39
10,2,1,39
11,30,-1,39
12,9,1,39
13,15,-1,39
14,5,1,39
15,27,1,39
16,8,-1,39
17,24,0,39
18,4,-1,39
19,16,0,39
20,30,1,39
21,26,1,39
22,15,-1,39
23,25,-1,39
24,25,1,39
25,20,1,39
26,14,-1,39
27,8,1,39
28,18,0,39
29,8,0,39
30,13,0,39
1,18,1,40
2,19,1,40
3,10,1,40
4,22,0,40
5,16,1,40
6,4,-1,40
7,21,1,40
8,2,-1,40
9,2,-1,40
10,29,-1,40
11,21,0,40
12,6,-1,40
13,18,1,40
14,22,-1,40
15,23,-1,40
16,14,0,40
17,10,1,40
18,11,0,40
19,29,-1,40
20,3,0,40
21,9,1,40
22,25,-1,40
23,26,-1,40
24,6,0,40
25,12,0,40
26,7,0,40
27,23,-1,40
28,6,0,40
29,14,0,40
30,11,-1,40
1,25,0,41
2,8,0,41
3,1,1,41
4,23,1,41
5,23,-1,41
6,16,0,41
7,30,-1,41
8,24,0,41
9,19,-1,41
10,7,0,41
11,6,0,41
12,25,-1,41
13,20,0,41
14,4,0,41
15,5,1,41
16,8,0,41
17,7,-1,41
18,17,-1,41
19,26,0,41
20,21,-1,41
21,14,-1,41
22,27,-1,41
23,11,-1,41
24,12,-1,41
25,30,-1,41
26,30,-1,41
27,17,0,41
28,9,-1,41
29,19,0,41
30,12,1,41
1,4,-1,42
2,11,0,42
3,12,0,42
4,16,-1,42
5,25,0,42
6,18,0,42
7,9,0,42
8,20,0,42
9,5,0,42
10,18,-1,42
11,9,0,42
12,22,-1,42
13,10,0,42
14,16,-1,42
15,27,0,42
16,17,0,42
17,20,-1,42
18,10,0,42
19,11,1,42
20,14,-1,42
21,22,0,42
22,27,-1,42
23,27,-1,42
24,20,-1,42
25,13,0,42
26,27,0,42
27,20,0,42
28,16,0,42
29,4,0,42
30,5,-1,42
1,21,0,43
2,14,-1,43
3,24,-1,43
4,14,0,43
5,9,0,43
6,18,0,43
7,8,-1,43
8,27,1,43
9,21,1,43
10,26,0,43
11,1,1,43
12,13,1,43
13,19,0,43
14,23,1,43
15,2,-1,43
16,12,-1,43
17,16,1,43
18,27,-1,43
19,22,0,43
20,18,0,43
21,22,1,43
22,2,0,43
23,13,1,43
24,12,0,43
25,9,-1,43
26,29,0,43
27,22,1,43
28,27,0,43
29,6,0,43
30,18,0,43
1,22,-1,44
2,23,0,44
3,1,1,44
4,7,-1,44
5,29,0,44
6,10,1,44
7,5,1,44
8,6,-1,44
9,16,1,44
10,28,-1,44
11,29,0,44
12,8,0,44
13,7,0,44
14,9,0,44
15,10,-1,44
16,11,1,44
17,26,0,44
18,8,-1,44
19,1,1,44
20,8,-1,44
21,11,1,44
22,21,1,44
23,21,1,44
24,29,-1,44
25,11,0,44
26,3,0,44
27,15,1,44
28,21,0,44
29,16,1,44
30,7,0,44
1,18,1,45
2,6,0,45
3,22,1,45
4,14,1,45
5,20,0,45
6,21,-1,45
7,15,-1,45
8,12,1,45
9,19,0,45
10,26,-1,45
11,30,0,45
12,21,0,45
13,14,1,45
14,13,1,45
15,25,1,45
16,29,-1,45
17,1,1,45
18,6,1,45
19,22,-1,45
20,30,1,45
21,14,1,45
22,18,1,45
23,5,1,45
24,25,-1,45
25,16,0,45
26,30,-1,45
27,14,0,45
28,9,0,45
29,8,-1,45
30,5,0,45
1,15,0,46
2,11,0,46
3,20,1,46
4,18,0,46
5,14,-1,46
6,20,-1,46
7,15,-1,46
8,22,1,46
9,12,0,46
10,19,1,46
11,7,-1,46
12,25,-1,46
13,11,-1,46
14,1,-1,46
15,7,-1,46
16,7,-1,46
17,19,1,46
18,2,-1,46
19,29,0,46
20,18,0,46
21,1,1,46
22,24,1,46
23,4,1,46
24,11,-1,46
25,21,-1,46
26,6,-1,46
27,19,1,46
28,27,1,46
29,22,0,46
30,25,1,46
1,23,1,47
2,26,1,47
3,27,1,47
4,9,-1,47
5,16,1,47
6,12,-1,47
7,21,0,47
8,2,-1,47
9,5,0,47
10,5,1,47
11,4,-1,47
12,28,0,47
13,26,1,47
14,18,1,47
15,25,1,47
16,18,0,47
17,2,1,47
18,20,-1,47
19,23,1,47
20,14,-1,47
21,1,0,47
22,1,0,47
23,12,0,47
24,12,0,47
25,21,-1,47
26,8,0,47
27,16,-1,47
28,2,1,47
29,14,0,47
30,20,1,47
1,24,-1,48
2,10,1,48
3,22,1,48
4,19,1,48
5,25,0,48
6,10,0,48
7,15,1,48
8,16,0,48
9,5,-1,48
10,16,-1,48
11,26,-1,48
12,24,-1,48
13,30,0,48
14,25,-1,48
15,21,0,48
16,23,0,48
17,23,0,48
18,16,1,48
19,20,1,48
20,2,1,48
21,5,-1,48
22,28,0,48
23,17,1,48
24,27,0,48
25,29,0,48
26,6,-1,48
27,20,-1,48
28,16,-1,48
29,18,0,48
30,2,-1,48
1,4,0,49
2,5,1,49
3,26,-1,49
4,29,1,49
5,27,0,49
6,28,0,49
7,5,1,49
8,12,1,49
9,13,0,49
10,2,0,49
11,25,1,49
12,4,1,49
13,14,0,49
14,16,-1,49
15,20,-1,49
16,7,-1,49
17,9,-1,49
18,13,1,49
19,14,1,49
20,29,0,49
21,30,-1,49
22,18,0,49
23,22,1,49
24,29,0,49
25,6,0,49
26,20,0,49
27,10,-1,49
28,3,-1,49
29,6,1,49
30,26,-1,49
1,29,-1,50
2,26,0,50
3,11,1,50
4,9,0,50
5,27,-1,50
6,15,-1,50
7,24,-1,50
8,19,1,50
9,29,-1,50
10,3,0,50
11,21,-1,50
12,8,-1,50
13,17,1,50
14,3,0,50
15,24,0,50
16,6,1,50
17,7,-1,50
18,30,0,50
19,11,1,50
20,4,0,50
21,7,0,50
22,30,1,50
23,7,-1,50
24,4,1,50
25,24,-1,50
26,6,1,50
27,2,0,50
28,3,1,50
29,21,1,50
30,10,0,50
1,26,0,51
2,26,0,51
3,4,0,51
4,8,-1,51
5,27,0,51
6,15,0,51
7,14,-1,51
8,30,-1,51
9,21,0,51
10,1,1,51
11,24,0,51
12,11,0,51
13,29,1,51
14,20,0,51
15,29,1,51
16,5,1,51
17,2,0,51
18,20,1,51
19,15,-1,51
20,26,1,51
21,17,0,51
22,26,-1,51
23,9,-1,51
24,21,1,51
25,6,-1,51
26,4,-1,51
27,15,0,51
28,13,0,51
29,22,-1,51
30,23,1,51
1,11,1,52
2,24,-1,52
3,29,-1,52
4,10,-1,52
5,8,0,52
6,17,0,52
7,25,1,52
8,18,-1,52
9,2,1,52
10,1,1,52
11,17,0,52
12,20,1,52
13,1,1,52
14,30,-1,52
15,5,1,52
16,22,-1,52
17,29,-1,52
18,13,-1,52
19,4,1,52
20,1,-1,52
21,8,-1,52
22,28,0,52
23,10,1,52
24,2,1,52
25,4,0,52
26,3,-1,52
27,30,-1,52
28,18,-1,52
29,21,-1,52
30,13,-1,52
1,3,1,53
2,14,1,53
3,17,-1,53
4,3,1,53
5,17,1,53
6,24,0,53
7,23,1,53
8,13,0,53
9,11,-1,53
10,23,0,53
11,30,-1,53
12,22,0,53
13,14,0,53
14,8,1,53
15,1,0,53
16,8,-1,53
17,9,0,53
18,9,-1,53
19,1,1,53
20,24,-1,53
21,4,0,53
22,21,1,53
23,28,1,53
24,22,0,53
25,11,1,53
26,12,-1,53
27,26,-1,53
28,14,1,53
29,10,-1,53
30,16,1,53
1,15,1,54
2,4,-1,54
3,11,1,54
4,6,1,54
5,17,-1,54
6,14,-1,54
7,30,0,54
8,21,-1,54
9,16,-1,54
10,19,1,54
11,25,1,54
12,16,-1,54
13,21,0,54
14,26,0,54
15,27,1,54
16,26,-1,54
17,8,0,54
18,23,1,54
19,12,-1,54
20,18,-1,54
21,30,-1,54
22,5,1,54
23,5,0,54
24,18,-1,54
25,23,-1,54
26,10,0,54
27,18,-1,54
28,11,0,54
29,23,1,54
30,5,0,54
1,16,-1,55
2,8,0,55
3,23,0,55
4,16,-1,55
5,21,-1,55
6,7,0,55
7,16,0,55
8,29,1,55
9,3,1,55
10,8,-1,55
11,14,1,55
12,8,0,55
13,20,1,55
14,1,1,55
15,16,1,55
16,9,0,55
17,29,-1,55
18,4,-1,55
19,15,-1,55
20,2,1,55
21,27,0,55
22,28,1,55
23,24,1,55
24,30,1,55
25,5,-1,55
26,2,-1,55
27,24,-1,55
28,30,0,55
29,30,0,55
30,12,1,55
1,29,-1,56
2,30,-1,56
3,29,-1,56
4,18,-1,56
5,28,-1,56
6,18,-1,56
7,26,-1,56
8,22,1,56
9,13,-1,56
10,28,-1,56
11,4,-1,56
12,20,0,56
13,7,-1,56
14,7,-1,56
15,4,-1,56
16,22,0,56
17,16,1,56
18,6,-1,56
19,13,0,56
20,6,0,56
21,28,0,56
22,15,-1,56
23,22,-1,56
24,20,0,56
25,7,1,56
26,14,1,56
27,21,0,56
28,15,-1,56
29,4,0,56
30,27,0,56
1,15,1,57
2,9,1,57
3,21,1,57
4,27,1,57
5,2,0,57
6,30,0,57
7,1,0,57
8,7,0,57
9,3,1,57
10,16,0,57
11,25,-1,57
12,24,1,57
13,29,-1,57
14,19,1,57
15,24,0,57
16,17,1,57
17,25,0,57
18,7,0,57
19,28,1,57
20,3,1,57
21,16,-1,57
22,3,-1,57
23,13,1,57
24,22,-1,57
25,24,-1,57
26,2,-1,57
27,17,0,57
28,20,0,57
29,20,1,57
30,23,0,57
1,10,1,58
2,18,0,58
3,6,1,58
4,2,0,58
5,30,0,58
6,11,-1,58
7,4,1,58
8,29,0,58
9,8,-1,58
10,16,-1,58
11,2,-1,58
12,9,0,58
13,26,0,58
14,4,1,58
15,22,-1,58
16,21,-1,58
17,3,0,58
18,11,1,58
19,1,1,58
20,1,1,58
21,8,-1,58
22,9,-1,58
23,29,1,58
24,26,-1,58
25,1,0,58
26,20,1,58
27,5,0,58
28,21,0,58
29,5,1,58
30,18,-1,58
1,4,-1,59
2,23,1,59
3,27,1,59
4,10,-1,59
5,2,0,59
6,3,0,59
7,20,-1,59
8,16,0,59
9,30,-1,59
10,21,-1,59
11,26,0,59
12,9,0,59
13,20,1,59
14,29,0,59
15,25,0,59
16,19,0,59
17,9,1,59
18,23,1,59
19,25,0,59
20,10,1,59
21,13,0,59
22,13,0,59
23,27,0,59
24,14,1,59
25,11,-1,59
26,1,0,59
27,7,-1,59
28,18,-1,59
29,11,0,59
30,16,-1,59
1,26,-1,60
2,27,0,60
3,5,1,60
4,16,0,60
5,14,0,60
6,17,-1,60
7,13,0,60
8,2,-1,60
9,2,1,60
10,14,-1,60
11,27,1,60
12,17,-1,60
13,12,0,60
14,15,-1,60
15,23,0,60
16,10,-1,60
17,20,-1,60
18,20,0,60
19,28,0,60
20,19,1,60
21,15,0,60
22,25,0,60
23,13,0,60
24,8,1,60
25,24,-1,60
26,23,0,60
27,2,1,60
28,22,0,60
29,5,0,60
30,10,-1,60
1,9,1,61
2,1,-1,61
3,5,1,61
4,24,-1,61
5,17,-1,61
6,29,0,61
7,13,0,61
8,1,0,61
9,22,-1,61
10,22,0,61
11,21,0,61
12,4,1,61
13,11,1,61
14,10,-1,61
15,24,1,61
16,29,1,61
17,19,1,61
18,4,-1,61
19,11,0,61
20,12,-1,61
21,22,-1,61
22,14,-1,61
23,26,-1,61
24,19,0,61
25,7,-1,61
26,6,0,61
27,1,-1,61
28,17,0,61
29,10,0,61
30,6,0,61
1,18,0,62
2,6,-1,62
3,6,0,62
4,9,1,62
5,17,-1,62
6,26,0,62
7,15,1,62
8,14,0,62
9,28,-1,62
10,2,-1,62
11,5,0,62
12,22,-1,62
13,11,1,62
14,17,0,62
15,26,-1,62
16,23,-1,62
17,13,1,62
18,29,-1,62
19,26,-1,62
20,23,0,62
21,4,0,62
22,8,-1,62
23,7,0,62
24,27,-1,62
25,29,0,62
26,30,0,62
27,9,1,62
28,18,1,62
29,10,0,62
30,14,-1,62
1,5,-1,63
2,14,1,63
3,15,1,63
4,3,1,63
5,3,-1,63
6,4,1,63
7,1,1,63
8,6,0,63
9,14,0,63
10,20,0,63
11,18,-1,63
12,21,0,63
13,8,1,63
14,17,-1,63
15,17,1,63
16,29,0,63
17,23,-1,63
18,15,1,63
19,25,-1,63
20,8,-1,63
21,24,1,63
22,9,-1,63
23,24,1,63
24,6,-1,63
25,17,-1,63
26,7,1,63
27,6,1,63
28,11,-1,63
29,5,1,63
30,24,1,63
1,7,0,64
2,15,-1,64
3,10,-1,64
4,6,1,64
5,12,-1,64
6,22,0,64
7,22,1,64
8,15,0,64
9,14,-1,64
10,23,0,64
11,4,1,64
12,14,0,64
13,11,1,64
14,20,-1,64
15,10,0,64
16,20,-1,64
17,7,0,64
18,5,-1,64
19,21,1,64
20,3,-1,64
21,23,1,64
22,26,0,64
23,24,-1,64
24,2,0,64
25,2,0,64
26,18,0,64
27,14,-1,64
28,12,1,64
29,7,1,64
30,19,0,64
1,12,0,65
2,27,0,65
3,15,1,65
4,3,1,65
5,18,0,65
6,14,1,65
7,28,1,65
8,26,-1,65
9,8,-1,65
10,6,-1,65
11,14,-1,65
12,13,1,65
13,20,0,65
14,27,1,65
15,30,0,65
16,13,1,65
17,1,-1,65
18,13,0,65
19,25,0,65
20,22,-1,65
21,11,0,65
22,2,0,65
23,24,-1,65
24,17,-1,65
25,11,0,65
26,20,1,65
27,6,0,65
28,2,1,65
29,25,0,65
30,1,-1,65
1,15,1,66
2,13,1,66
3,9,1,66
4,11,1,66
5,29,1,66
6,2,0,66
7,26,1,66
8,21,1,66
9,24,1,66
10,23,0,66
11,19,0,66
12,24,0,66
13,16,0,66
14,3,-1,66
15,10,-1,66
16,3,-1,66
17,13,0,66
18,27,0,66
19,9,0,66
20,11,-1,66
21,10,1,66
22,1,1,66
23,14,1,66
24,9,1,66
25,20,1,66
26,1,1,66
27,20,0,66
28,10,-1,66
29,12,0,66
30,25,1,66
1,8,0,67
2,25,0,67
3,4,1,67
4,10,-1,67
5,21,-1,67
6,17,-1,67
7,13,1,67
8,21,1,67
9,10,0,67
10,27,-1,67
11,12,-1,67
12,25,1,67
13,12,1,67
14,3,0,67
15,9,-1,67
16,28,0,67
17,14,-1,67
18,5,0,67
19,1,1,67
20,1,0,67
21,15,1,67
22,1,1,67
23,6,0,67
24,6,-1,67
25,14,1,67
26,28,1,67
27,2,0,67
28,27,0,67
29,19,0,67
30,5,1,67
1,12,0,68
2,19,0,68
3,5,-1,68
4,8,1,68
5,29,-1,68
6,26,1,68
7,6,-1,68
8,29,-1,68
9,8,0,68
10,6,-1,68
11,1,-1,68
12,26,-1,68
13,6,-1,68
14,15,1,68
15,7,-1,68
16,19,-1,68
17,1,-1,68
18,29,-1,68
19,8,0,68
20,18,-1,68
21,24,-1,68
22,4,0,68
23,22,-1,68
24,5,1,68
25,21,1,68
26,23,-1,68
27,8,1,68
28,18,1,68
29,23,0,68
30,29,-1,68
1,18,1,69
2,13,1,69
3,23,1,69
4,3,1,69
5,24,-1,69
6,23,1,69
7,17,-1,69
8,6,1,69
9,8,1,69
10,9,0,69
11,30,0,69
12,22,0,69
13,16,0,69
14,20,1,69
15,7,1,69
16,26,1,69
17,18,0,69
18,24,0,69
19,13,1,69
20,22,0,69
21,6,0,69
22,29,-1,69
23,22,-1,69
24,9,0,69
25,10,-1,69
26,5,1,69
27,13,-1,69
28,5,0,69
29,27,0,69
30,29,-1,69
1,5,-1,70
2,12,0,70
3,14,1,70
4,26,-1,70
5,29,-1,70
6,29,0,70
7,11,-1,70
8,7,-1,70
9,14,0,70
10,11,-1,70
11,30,-1,70
12,1,-1,70
13,17,-1,70
14,25,1,70
15,10,-1,70
16,13,-1,70
17,5,0,70
18,22,0,70
19,2,1,70
20,5,-1,70
21,8,0,70
22,15,1,70
23,15,0,70
24,25,0,70
25,3,1,70
26,13,0,70
27,18,0,70
28,24,0,70
29,9,-1,70
30,14,-1,70
1,21,0,71
2,1,0,71
3,10,-1,71
4,26,1,71
5,6,1,71
6,21,-1,71
7,27,0,71
8,24,-1,71
9,4,-1,71
10,28,1,71
11,6,-1,71
12,27,-1,71
13,19,-1,71
14,13,1,71
15,11,0,71
16,8,1,71
17,27,1,71
18,11,-1,71
19,20,1,71
20,7,-1,71
21,23,1,71
22,8,0,71
23,15,0,71
24,22,-1,71
25,13,0,71
26,9,1,71
27,16,0,71
28,26,0,71
29,11,1,71
30,22,1,71
1,4,1,72
2,22,1,72
3,29,-1,72
4,20,-1,72
5,1,-1,72
6,15,0,72
7,14,-1,72
8,22,-1,72
9,14,-1,72
10,22,-1,72
11,20,0,72
12,26,-1,72
13,10,1,72
14,16,-1,72
15,30,0,72
16,12,0,72
17,19,-1,72
18,12,0,72
19,3,-1,72
20,2,0,72
21,15,0,72
22,7,1,72
23,3,0,72
24,9,0,72
25,9,-1,72
26,7,1,72
27,13,0,72
28,19,1,72
29,7,1,72
30,27,1,72
1,4,-1,73
2,3,-1,73
3,8,0,73
4,6,1,73
5,18,0,73
6,4,-1,73
7,15,1,73
8,10,-1,73
9,8,0,73
10,17,0,73
11,1,1,73
12,11,0,73
13,30,1,73
14,30,0,73
15,27,0,73
16,9,0,73
17,16,1,73
18,9,0,73
19,8,1,73
20,14,0,73
21,29,-1,73
22,23,-1,73
23,28,1,73
24,15,0,73
25,28,-1,73
26,16,0,73
27,7,0,73
28,8,1,73
29,4,-1,73
30,4,1,73
1,8,1,74
2,14,0,74
3,23,0,74
4,14,0,74
5,29,0,74
6,22,-1,74
7,26,0,74
8,6,1,74
9,29,0,74
10,7,0,74
11,29,1,74
12,19,-1,74
13,21,-1,74
14,2,0,74
15,12,0,74
16,27,-1,74
17,23,-1,74
18,1,-1,74
19,24,-1,74
20,26,0,74
21,5,-1,74
22,11,1,74
23,15,0,74
24,3,0,74
25,23,0,74
26,5,1,74
27,5,0,74
28,21,-1,74
29,26,0,74
30,9,-1,74
1,3,1,75
2,29,1,75
3,23,1,75
4,10,0,75
5,11,0,75
6,22,1,75
7,19,0,75
8,21,0,75
9,15,-1,75
10,2,-1,75
11,2,1,75
12,22,0,75
13,3,-1,75
14,8,0,75
15,30,0,75
16,17,-1,75
17,20,-1,75
18,15,1,75
19,28,0,75
20,22,1,75
21,24,-1,75
22,6,0,75
23,1,1,75
24,20,-1,75
25,24,1,75
26,3,-1,75
27,5,1,75
28,8,0,75
29,7,0,75
30,7,1,75
1,2,1,76
2,15,0,76
3,6,1,76
4,23,0,76
5,28,-1,76
6,26,0,76
7,17,0,76
8,9,1,76
9,7,0,76
10,4,0,76
11,25,0,76
12,28,0,76
13,2,0,76
14,25,0,76
15,8,1,76
16,15,1,76
17,16,0,76
18,7,-1,76
19,12,-1,76
20,3,1,76
21,15,-1,76
22,15,0,76
23,2,-1,76
24,8,0,76
25,23,-1,76
26,11,0,76
27,24,-1,76
28,23,0,76
29,6,0,76
30,12,1,76
1,28,1,77
2,22,1,77
3,12,1,77
4,18,1,77
5,20,1,77
6,29,0,77
7,30,0,77
8,2,0,77
9,12,0,77
10,22,-1,77
11,4,-1,77
12,1,0,77
13,19,-1,77
14,18,-1,77
15,6,1,77
16,24,1,77
17,11,-1,77
18,5,0,77
19,27,1,77
20,15,-1,77
21,30,-1,77
22,16,-1,77
23,9,-1,77
24,10,-1,77
25,21,0,77
26,2,0,77
27,13,1,77
28,1,1,77
29,26,0,77
30,18,0,77
1,6,-1,78
2,3,-1,78
3,27,-1,78
4,5,0,78
5,8,1,78
6,3,1,78
7,20,0,78
8,26,-1,78
9,3,0,78
10,1,1,78
11,24,-1,78
12,3,0,78
13,29,-1,78
14,1,1,78
15,21,-1,78
16,5,0,78
17,11,-1,78
18,22,1,78
19,30,-1,78
20,22,0,78
21,29,1,78
22,29,0,78
23,19,0,78
24,9,0,78
25,27,-1,78
26,17,1,78
27,4,-1,78
28,21,1,78
29,22,0,78
30,5,-1,78
1,8,0,79
2,22,-1,79
3,27,-1,79
4,12,1,79
5,4,0,79
6,8,1,79
7,11,-1,79
8,5,0,79
9,15,1,79
10,7,-1,79
11,29,1,79
12,21,0,79
13,3,1,79
14,21,1,79
15,24,1,79
16,20,-1,79
17,28,1,79
18,21,1,79
19,22,-1,79
20,21,0,79
21,16,-1,79
22,3,-1,79
23,4,0,79
24,2,-1,79
25,14,1,79
26,19,-1,79
27,11,1,79
28,4,-1,79
29,17,0,79
30,16,0,79
1,3,0,80
2,6,0,80
3,26,0,80
4,7,1,80
5,11,1,80
6,5,-1,80
7,17,-1,80
8,5,1,80
9,29,1,80
10,21,0,80
11,18,-1,80
12,8,-1,80
13,21,-1,80
14,27,1,80
15,12,1,80
16,19,1,80
17,25,1,80
18,6,-1,80
19,7,0,80
20,28,-1,80
21,5,-1,80
22,20,0,80
23,13,1,80
24,2,0,80
25,19,-1,80
26,17,0,80
27,23,-1,80
28,16,-1,80
29,22,1,80
30,15,1,80
1,21,1,81
2,20,-1,81
3,8,0,81
4,10,0,81
5,20,1,81
6,14,1,81
7,6,0,81
8,16,1,81
9,23,1,81
10,12,1,81
11,6,-1,81
12,8,0,81
13,27,1,81
14,29,0,81
15,6,0,81
16,10,-1,81
17,27,1,81
18,11,0,81
19,16,0,81
20,14,0,81
21,19,1,81
22,27,1,81
23,2,0,81
24,12,1,81
25,6,0,81
26,24,-1,81
27,11,0,81
28,13,1,81
29,8,1,81
30,5,1,81
1,23,0,82
2,25,0,82
3,10,-1,82
4,16,-1,82
5,10,-1,82
6,17,-1,82
7,20,0,82
8,13,0,82
9,25,-1,82
10,13,0,82
11,22,1,82
12,25,1,82
13,4,1,82
14,3,1,82
15,21,-1,82
16,3,-1,82
17,23,0,82
18,7,1,82
19,14,0,82
20,27,0,82
21,29,-1,82
22,10,-1,82
23,4,1,82
24,6,-1,82
25,12,1,82
26,17,-1,82
27,14,1,82
28,3,0,82
29,19,0,82
30,12,0,82
1,3,0,83
2,24,0,83
3,19,-1,83
4,11,-1,83
5,19,-1,83
6,18,0,83
7,27,1,83
8,30,0,83
9,6,-1,83
10,28,-1,83
11,29,0,83
12,20,-1,83
13,21,0,83
14,16,-1,83
15,16,1,83
16,14,-1,83
17,26,-1,83
18,24,1,83
19,26,-1,83
20,29,1,83
21,17,-1,83
22,7,1,83
23,5,0,83
24,19,0,83
25,7,-1,83
26,19,0,83
27,5,1,83
28,22,1,83
29,4,-1,83
30,23,0,83
1,3,0,84
2,28,1,84
3,16,0,84
4,18,0,84
5,4,-1,84
6,2,0,84
7,11,-1,84
8,2,1,84
9,5,-1,84
10,19,0,84
11,20,-1,84
12,21,0,84
13,20,0,84
14,7,0,84
15,1,1,84
16,8,-1,84
17,10,0,84
18,19,-1,84
19,12,-1,84
20,14,1,84
21,16,0,84
22,29,-1,84
23,26,0,84
24,3,0,84
25,6,-1,84
26,10,-1,84
27,10,-1,84
28,26,-1,84
29,12,1,84
30,12,-1,84
1,14,-1,85
2,22,-1,85
3,21,1,85
4,29,-1,85
5,21,-1,85
6,24,-1,85
7,1,1,85
8,17,1,85
9,27,1,85
10,20,0,85
11,27,1,85
12,27,-1,85
13,14,-1,85
14,2,1,85
15,29,1,85
16,12,0,85
17,18,-1,85
18,21,1,85
19,30,-1,85
20,26,0,85
21,23,1,85
22,25,-1,85
23,3,0,85
24,7,-1,85
25,22,0,85
26,8,-1,85
27,13,1,85
28,4,-1,85
29,9,1,85
30,24,1,85
1,11,1,86
2,30,0,86
3,2,1,86
4,12,1,86
5,17,1,86
6,27,-1,86
7,17,0,86
8,24,0,86
9,17,-1,86
10,22,-1,86
11,24,0,86
12,18,0,86
13,16,-1,86
14,20,0,86
15,16,1,86
16,14,-1,86
17,11,0,86
18,14,-1,86
19,22,0,86
20,2,0,86
21,3,0,86
22,8,-1,86
23,14,1,86
24,16,1,86
25,3,-1,86
26,25,1,86
27,5,1,86
28,29,1,86
29,12,0,86
30,2,1,86
1,9,1,87
2,21,1,87
3,4,0,87
4,15,1,87
5,7,0,87
6,20,1,87
7,25,-1,87
8,30,-1,87
9,17,-1,87
10,30,-1,87
11,18,-1,87
12,2,1,87
13,9,-1,87
14,27,1,87
15,19,-1,87
16,15,1,87
17,4,1,87
18,21,0,87
19,22,1,87
20,19,1,87
21,19,0,87
22,23,-1,87
23,21,0,87
24,5,-1,87
25,16,-1,87
26,19,1,87
27,1,0,87
28,2,0,87
29,23,0,87
30,18,-1,87
1,21,1,88
2,28,1,88
3,17,1,88
4,27,0,88
5,30,0,88
6,9,0,88
7,22,0,88
8,19,0,88
9,26,1,88
10,3,1,88
11,19,-1,88
12,19,-1,88
13,4,1,88
14,7,1,88
15,3,-1,88
16,17,-1,88
17,6,0,88
18,7,0,88
19,13,0,88
20,19,0,88
21,6,-1,88
22,8,0,88
23,2,-1,88
24,3,-1,88
25,30,0,88
26,29,1,88
27,29,-1,88
28,22,1,88
29,30,-1,88
30,15,1,88
1,19,0,89
2,28,0,89
3,20,0,89
4,17,0,89
5,13,-1,89
6,26,0,89
7,28,0,89
8,9,1,89
9,10,0,89
10,26,-1,89
11,12,0,89
12,18,1,89
13,2,1,89
14,18,0,89
15,9,0,89
16,30,0,89
17,15,0,89
18,8,-1,89
19,2,-1,89
20,6,1,89
21,1,1,89
22,15,0,89
23,30,-1,89
24,21,-1,89
25,7,0,89
26,29,1,89
27,26,-1,89
28,19,0,89
29,4,1,89
30,13,0,89
1,23,1,90
2,7,-1,90
3,15,0,90
4,10,1,90
5,11,1,90
6,15,0,90
7,12,1,90
8,12,0,90
9,21,-1,90
10,2,-1,90
11,13,1,90
12,16,0,90
13,24,-1,90
14,1,-1,90
15,3,1,90
16,6,-1,90
17,16,-1,90
18,10,1,90
19,27,0,90
20,12,0,90
21,17,-1,90
22,25,0,90
23,20,-1,90
24,9,1,90
25,23,0,90
26,28,-1,90
27,30,1,90
28,27,0,90
29,19,0,90
30,18,1,90
1,20,1,91
2,10,1,91
3,13,0,91
4,30,1,91
5,11,0,91
6,30,1,91
7,18,0,91
8,30,-1,91
9,28,0,91
10,23,-1,91
11,25,1,91
12,6,0,91
13,25,0,91
14,28,1,91
15,6,1,91
16,26,0,91
17,22,1,91
18,28,1,91
19,20,0,91
20,14,0,91
21,6,-1,91
22,29,0,91
23,20,0,91
24,19,0,91
25,17,1,91
26,23,-1,91
27,11,0,91
28,19,0,91
29,21,-1,91
30,7,0,91
1,26,0,92
2,28,-1,92
3,30,-1,92
4,9,1,92
5,17,1,92
6,16,-1,92
7,30,0,92
8,17,-1,92
9,14,1,92
10,22,-1,92
11,29,1,92
12,10,1,92
13,9,1,92
14,11,-1,92
15,13,1,92
16,22,0,92
17,3,1,92
18,17,-1,92
19,22,1,92
20,8,-1,92
21,6,0,92
22,18,-1,92
23,21,-1,92
24,17,-1,92
25,8,-1,92
26,14,1,92
27,5,1,92
28,30,-1,92
29,22,1,92
30,9,0,92
1,7,1,93
2,21,0,93
3,6,0,93
4,1,0,93
5,8,1,93
6,13,-1,93
7,26,1,93
8,12,-1,93
9,12,-1,93
10,16,-1,93
11,12,1,93
12,27,0,93
13,1,1,93
14,18,1,93
15,14,0,93
16,12,0,93
17,9,0,93
18,17,-1,93
19,18,-1,93
20,3,1,93
21,22,0,93
22,18,-1,93
23,12,1,93
24,1,0,93
25,15,1,93
26,15,-1,93
27,23,0,93
28,2,-1,93
29,5,-1,93
30,17,1,93
1,17,1,94
2,3,1,94
3,22,-1,94
4,22,1,94
5,9,-1,94
6,25,-1,94
7,21,-1,94
8,2,0,94
9,19,-1,94
10,5,1,94
11,3,1,94
12,3,-1,94
13,29,-1,94
14,6,0,94
15,3,1,94
16,15,0,94
17,12,1,94
18,14,1,94
19,20,1,94
20,27,1,94
21,24,-1,94
22,25,1,94
23,10,-1,94
24,8,1,94
25,24,-1,94
26,7,1,94
27,19,-1,94
28,12,1,94
29,28,0,94
30,18,-1,94
1,12,1,95
2,20,-1,95
3,28,0,95
4,12,-1,95
5,15,-1,95
6,9,1,95
7,24,-1,95
8,22,0,95
9,2,0,95
10,23,0,95
11,17,1,95
12,16,0,95
13,3,1,95
14,19,0,95
15,19,0,95
16,7,-1,95
17,27,0,95
18,28,1,95
19,24,-1,95
20,25,1,95
21,15,-1,95
22,6,-1,95
23,1,1,95
24,19,1,95
25,30,1,95
26,20,0,95
27,16,0,95
28,29,0,95
29,11,0,95
30,20,0,95
1,7,-1,96
2,5,0,96
3,10,1,96
4,7,1,96
5,21,-1,96
6,16,1,96
7,2,0,96
8,28,-1,96
9,16,1,96
10,6,0,96
11,15,1,96
12,19,1,96
13,5,-1,96
14,3,1,96
15,5,-1,96
16,29,1,96
17,21,-1,96
18,14,0,96
19,24,1,96
20,10,-1,96
21,26,1,96
22,25,0,96
23,10,1,96
24,21,0,96
25,8,0,96
26,5,1,96
27,25,-1,96
28,11,0,96
29,25,0,96
30,29,0,96
1,3,1,97
2,14,0,97
3,16,0,97
4,18,-1,97
5,23,-1,97
6,23,1,97
7,3,0,97
8,30,0,97
9,20,-1,97
10,4,1,97
11,26,1,97
12,14,0,97
13,8,1,97
14,9,0,97
15,21,0,97
16,17,0,97
17,12,-1,97
18,10,1,97
19,17,-1,97
20,2,-1,97
21,13,1,97
22,23,-1,97
23,3,1,97
24,5,0,97
25,28,-1,97
26,16,1,97
27,25,1,97
28,9,-1,97
29,10,0,97
30,26,0,97
1,25,0,98
2,29,1,98
3,18,1,98
4,8,0,98
5,8,0,98
6,16,0,98
7,11,-1,98
8,15,-1,98
9,29,0,98
10,2,0,98
11,9,1,98
12,25,1,98
13,23,0,98
14,12,1,98
15,1,1,98
16,27,-1,98
17,3,0,98
18,20,0,98
19,27,0,98
20,10,-1,98
21,15,1,98
22,25,-1,98
23,20,-1,98
24,26,0,98
25,30,1,98
26,4,-1,98
27,26,0,98
28,30,-1,98
29,8,1,98
30,4,0,98
1,30,0,99
2,28,1,99
3,23,1,99
4,1,-1,99
5,8,-1,99
6,16,-1,99
7,30,0,99
8,7,-1,99
9,24,1,99
10,20,0,99
11,1,-1,99
12,2,-1,99
13,8,1,99
14,10,1,99
15,10,-1,99
16,27,-1,99
17,13,-1,99
18,15,1,99
19,2,-1,99
20,5,1,99
21,17,0,99
22,24,-1,99
23,20,-1,99
24,22,0,99
25,26,0,99
26,30,-1,99
27,30,0,99
28,24,0,99
29,28,1,99
30,8,1,99
